Workbook

Sheet Sheet1
A1: 股东姓名 | B1: 持股数
A2: =IF(匹配!$C2="到场",匹配!A2,) -> 赵11010119900307663X | B2: =IF(匹配!$C2="到场",匹配!B2,) -> 100
A3: =IF(匹配!$C3="到场",匹配!A3,) -> 钱11010119900307663X | B3: =IF(匹配!$C3="到场",匹配!B3,) -> 100
A4: =IF(匹配!$C4="到场",匹配!A4,) -> 孙11010119900307663X | B4: =IF(匹配!$C4="到场",匹配!B4,) -> 100
A5: =IF(匹配!$C5="到场",匹配!A5,) -> 李11010119900307663X | B5: =IF(匹配!$C5="到场",匹配!B5,) -> 100
A6: =IF(匹配!$C6="到场",匹配!A6,) -> 周11010119900307663X | B6: =IF(匹配!$C6="到场",匹配!B6,) -> 100
A7: =IF(匹配!$C7="到场",匹配!A7,) -> 吴11010119900307663X | B7: =IF(匹配!$C7="到场",匹配!B7,) -> 100
A8: =IF(匹配!$C8="到场",匹配!A8,) -> 郑11010119900307663X | B8: =IF(匹配!$C8="到场",匹配!B8,) -> 100
A9: =IF(匹配!$C9="到场",匹配!A9,) -> 王11010119900307663X | B9: =IF(匹配!$C9="到场",匹配!B9,) -> 100
A10: =IF(匹配!$C10="到场",匹配!A10,) -> 冯11010119900307663X | B10: =IF(匹配!$C10="到场",匹配!B10,) -> 100
A11: =IF(匹配!$C11="到场",匹配!A11,) -> 陈11010119900307663X | B11: =IF(匹配!$C11="到场",匹配!B11,) -> 100
A12: =IF(匹配!$C12="到场",匹配!A12,) -> 褚11010119900307663X | B12: =IF(匹配!$C12="到场",匹配!B12,) -> 100
A13: =IF(匹配!$C13="到场",匹配!A13,) -> 卫11010119900307663X | B13: =IF(匹配!$C13="到场",匹配!B13,) -> 100
... A100: =IF(匹配!$C100="到场",匹配!A100,) -> 0 | B100: =IF(匹配!$C100="到场",匹配!B100,) -> 0

Sheet 匹配
A1: a | B1: b | F1: 签到人员名单 | G1: 含有公式，在第一行之下插入新行
A2: 赵11010119900307663X | B2: 100 | C2: =IF(COUNTIF($F$2:$F$20,A2),"到场","未到") -> 到场 | F2: 赵11010119900307663X
A3: 钱11010119900307663X | B3: 100 | C3: =IF(COUNTIF($F$2:$F$20,A3),"到场","未到") -> 到场 | F3: 钱11010119900307663X
A4: 孙11010119900307663X | B4: 100 | C4: =IF(COUNTIF($F$2:$F$20,A4),"到场","未到") -> 到场 | F4: 孙11010119900307663X
A5: 李11010119900307663X | B5: 100 | C5: =IF(COUNTIF($F$2:$F$20,A5),"到场","未到") -> 到场 | F5: 李11010119900307663X
A6: 周11010119900307663X | B6: 100 | C6: =IF(COUNTIF($F$2:$F$20,A6),"到场","未到") -> 到场 | F6: 周11010119900307663X
A7: 吴11010119900307663X | B7: 100 | C7: =IF(COUNTIF($F$2:$F$20,A7),"到场","未到") -> 到场 | F7: 吴11010119900307663X
A8: 郑11010119900307663X | B8: 100 | C8: =IF(COUNTIF($F$2:$F$20,A8),"到场","未到") -> 到场 | F8: 郑11010119900307663X
A9: 王11010119900307663X | B9: 100 | C9: =IF(COUNTIF($F$2:$F$20,A9),"到场","未到") -> 到场 | F9: 王11010119900307663X
A10: 冯11010119900307663X | B10: 100 | C10: =IF(COUNTIF($F$2:$F$20,A10),"到场","未到") -> 到场 | F10: 冯11010119900307663X
A11: 陈11010119900307663X | B11: 100 | C11: =IF(COUNTIF($F$2:$F$20,A11),"到场","未到") -> 到场 | F11: 陈11010119900307663X
A12: 褚11010119900307663X | B12: 100 | C12: =IF(COUNTIF($F$2:$F$20,A12),"到场","未到") -> 到场 | F12: 褚11010119900307663X
A13: 卫11010119900307663X | B13: 100 | C13: =IF(COUNTIF($F$2:$F$20,A13),"到场","未到") -> 到场 | F13: 卫11010119900307663X
... A20: 尤11010119900307663X | B20: 100 | C20: =IF(COUNTIF($F$2:$F$20,A20),"到场","未到") -> 到场 | F20: 尤11010119900307663X
A21: 许11010119900307663X | B21: 100 | C21: =IF(COUNTIF($F$2:$F$20,A21),"到场","未到") -> 未到
A22: 何11010119900307663X | B22: 100 | C22: =IF(COUNTIF($F$2:$F$20,A22),"到场","未到") -> 未到
A23: 吕11010119900307663X | B23: 100 | C23: =IF(COUNTIF($F$2:$F$20,A23),"到场","未到") -> 未到
A24: 施11010119900307663X | B24: 100 | C24: =IF(COUNTIF($F$2:$F$20,A24),"到场","未到") -> 未到
A25: 张11010119900307663X | B25: 100 | C25: =IF(COUNTIF($F$2:$F$20,A25),"到场","未到") -> 未到
A26: 孔11010119900307663X | B26: 100 | C26: =IF(COUNTIF($F$2:$F$20,A26),"到场","未到") -> 未到
A27: 曹11010119900307663X | B27: 100 | C27: =IF(COUNTIF($F$2:$F$20,A27),"到场","未到") -> 未到
A28: 严11010119900307663X | B28: 100 | C28: =IF(COUNTIF($F$2:$F$20,A28),"到场","未到") -> 未到
A29: 华11010119900307663X | B29: 100 | C29: =IF(COUNTIF($F$2:$F$20,A29),"到场","未到") -> 未到
A30: 金11010119900307663X | B30: 100 | C30: =IF(COUNTIF($F$2:$F$20,A30),"到场","未到") -> 未到
A31: 魏11010119900307663X | B31: 100 | C31: =IF(COUNTIF($F$2:$F$20,A31),"到场","未到") -> 未到
A32: 陶11010119900307663X | B32: 100 | C32: =IF(COUNTIF($F$2:$F$20,A32),"到场","未到") -> 未到
... A51: 韦11010119900307663X | B51: 100 | C51: =IF(COUNTIF($F$2:$F$20,A51),"到场","未到") -> 未到
